# x (fraction of the sweep), y (normalised to the peak); CO2- spectrum of tooth enamel, largest of a dose series, digitised without smoothing
0.00000,0.01254
0.00253,0.01771
0.00505,0.02288
0.00758,0.01569
0.01010,0.00423
0.01263,0.00737
0.01515,0.00737
0.01768,0.00737
0.02020,0.00737
0.02273,0.00737
0.02525,-0.00372
0.02778,0.00519
0.03030,0.01067
0.03283,0.01771
0.03535,0.02288
0.03788,0.01771
0.04040,0.01512
0.04293,0.01254
0.04545,0.01771
0.04798,0.01771
0.05051,0.01771
0.05303,0.01254
0.05556,0.01453
0.05808,0.01870
0.06061,0.02288
0.06313,0.03063
0.06566,0.03839
0.06818,0.03580
0.07071,0.03322
0.07323,0.03839
0.07576,0.04326
0.07828,0.02805
0.08081,0.02805
0.08333,0.02805
0.08586,0.02805
0.08838,0.02805
0.09091,0.02805
0.09343,0.02805
0.09596,0.02805
0.09848,0.02805
0.10101,0.01471
0.10354,0.01254
0.10606,0.00909
0.10859,0.00564
0.11111,0.00220
0.11364,0.00018
0.11616,-0.00575
0.11869,-0.00297
0.12121,-0.00018
0.12374,0.00220
0.12626,0.00220
0.12879,0.00948
0.13131,0.02288
0.13384,0.03495
0.13636,0.04356
0.13889,0.04873
0.14141,0.03149
0.14394,0.01426
0.14646,-0.00297
0.14899,0.02011
0.15152,0.05390
0.15404,0.05907
0.15657,0.05907
0.15909,0.06607
0.16162,0.06941
0.16414,0.06424
0.16667,0.06424
0.16919,0.05390
0.17172,0.05131
0.17424,0.04873
0.17677,0.04873
0.17929,0.04873
0.18182,0.05091
0.18434,0.06424
0.18687,0.06424
0.18939,0.05750
0.19192,0.05166
0.19444,0.04914
0.19697,0.04662
0.19949,0.05566
0.20202,0.05907
0.20455,0.06831
0.20707,0.06424
0.20960,0.06941
0.21212,0.06557
0.21465,0.06174
0.21717,0.05390
0.21970,0.06540
0.22222,0.06941
0.22475,0.06941
0.22727,0.07199
0.22980,0.07458
0.23232,0.07458
0.23485,0.07127
0.23737,0.06941
0.23990,0.06941
0.24242,0.07168
0.24495,0.07396
0.24747,0.07623
0.25000,0.07458
0.25253,0.07199
0.25505,0.06941
0.25758,0.07458
0.26010,0.07975
0.26263,0.08297
0.26515,0.08492
0.26768,0.08199
0.27020,0.07975
0.27273,0.09172
0.27525,0.10342
0.27778,0.10274
0.28030,0.09359
0.28283,0.08570
0.28535,0.08762
0.28788,0.09730
0.29040,0.09886
0.29293,0.10043
0.29545,0.10043
0.29798,0.07975
0.30051,0.07066
0.30303,0.08492
0.30556,0.09526
0.30808,0.09812
0.31061,0.10043
0.31313,0.10043
0.31566,0.10256
0.31818,0.10529
0.32071,0.10803
0.32323,0.11077
0.32576,0.11848
0.32828,0.12387
0.33081,0.12111
0.33333,0.12455
0.33586,0.12800
0.33838,0.13145
0.34091,0.12647
0.34343,0.13145
0.34596,0.14416
0.34848,0.14178
0.35101,0.13944
0.35354,0.14979
0.35606,0.15729
0.35859,0.15729
0.36111,0.16246
0.36364,0.16505
0.36616,0.16763
0.36869,0.17019
0.37121,0.17797
0.37374,0.18831
0.37626,0.19090
0.37879,0.19348
0.38131,0.20382
0.38384,0.21933
0.38636,0.22967
0.38889,0.23865
0.39141,0.24762
0.39394,0.25794
0.39646,0.26586
0.39899,0.28057
0.40152,0.30436
0.40404,0.33065
0.40657,0.35426
0.40909,0.38256
0.41162,0.40390
0.41414,0.44687
0.41667,0.48590
0.41919,0.52507
0.42172,0.55998
0.42424,0.60029
0.42677,0.64633
0.42929,0.68177
0.43182,0.71580
0.43434,0.77030
0.43687,0.80952
0.43939,0.84183
0.44192,0.88950
0.44444,0.91992
0.44697,0.93623
0.44949,0.96153
0.45202,0.98113
0.45455,0.98966
0.45707,0.99483
0.45960,1.00000
0.46212,0.99748
0.46465,0.98143
0.46717,0.94463
0.46970,0.90271
0.47222,0.84474
0.47475,0.79323
0.47727,0.76642
0.47980,0.69769
0.48232,0.62389
0.48485,0.59028
0.48737,0.52454
0.48990,0.44545
0.49242,0.40603
0.49495,0.33045
0.49747,0.22779
0.50000,0.18522
0.50253,0.12918
0.50505,0.05590
0.50758,0.02317
0.51010,-0.01107
0.51263,-0.09838
0.51515,-0.13222
0.51768,-0.17379
0.52020,-0.19986
0.52273,-0.23843
0.52525,-0.26350
0.52778,-0.29185
0.53030,-0.31122
0.53283,-0.32351
0.53535,-0.34957
0.53788,-0.36952
0.54040,-0.38861
0.54293,-0.40441
0.54545,-0.41417
0.54798,-0.41657
0.55051,-0.42996
0.55303,-0.44863
0.55556,-0.45276
0.55808,-0.45511
0.56061,-0.45747
0.56313,-0.45982
0.56566,-0.46310
0.56818,-0.46310
0.57071,-0.46310
0.57323,-0.45913
0.57576,-0.43992
0.57828,-0.42354
0.58081,-0.41657
0.58333,-0.41140
0.58586,-0.40372
0.58838,-0.39455
0.59091,-0.38313
0.59343,-0.37004
0.59596,-0.36487
0.59848,-0.36487
0.60101,-0.35970
0.60354,-0.35970
0.60606,-0.35970
0.60859,-0.36487
0.61111,-0.36487
0.61364,-0.36487
0.61616,-0.36487
0.61869,-0.36487
0.62121,-0.37004
0.62374,-0.37521
0.62626,-0.37261
0.62879,-0.37004
0.63131,-0.38083
0.63384,-0.39072
0.63636,-0.40247
0.63889,-0.41421
0.64141,-0.42691
0.64394,-0.43392
0.64646,-0.44513
0.64899,-0.45978
0.65152,-0.47012
0.65404,-0.48970
0.65657,-0.51293
0.65909,-0.51997
0.66162,-0.52978
0.66414,-0.54065
0.66667,-0.54065
0.66919,-0.54065
0.67172,-0.54065
0.67424,-0.54065
0.67677,-0.54065
0.67929,-0.54065
0.68182,-0.53769
0.68434,-0.53031
0.68687,-0.52514
0.68939,-0.51412
0.69192,-0.49419
0.69444,-0.48045
0.69697,-0.47344
0.69949,-0.47142
0.70202,-0.45708
0.70455,-0.44253
0.70707,-0.42734
0.70960,-0.40446
0.71212,-0.38764
0.71465,-0.37837
0.71717,-0.36115
0.71970,-0.34265
0.72222,-0.33159
0.72475,-0.31537
0.72727,-0.29656
0.72980,-0.28732
0.73232,-0.27728
0.73485,-0.25188
0.73737,-0.23292
0.73990,-0.22528
0.74242,-0.22880
0.74495,-0.22531
0.74747,-0.21161
0.75000,-0.20119
0.75253,-0.19426
0.75505,-0.19426
0.75758,-0.18909
0.76010,-0.18130
0.76263,-0.17222
0.76515,-0.16084
0.76768,-0.14473
0.77020,-0.13739
0.77273,-0.13739
0.77525,-0.14050
0.77778,-0.12260
0.78030,-0.11320
0.78283,-0.10637
0.78535,-0.10637
0.78788,-0.10637
0.79040,-0.11154
0.79293,-0.11671
0.79545,-0.11154
0.79798,-0.10821
0.80051,-0.10999
0.80303,-0.11337
0.80556,-0.10868
0.80808,-0.10120
0.81061,-0.09603
0.81313,-0.05419
0.81566,-0.09864
0.81818,-0.10257
0.82071,-0.09593
0.82323,-0.09081
0.82576,-0.08569
0.82828,-0.09086
0.83081,-0.09603
0.83333,-0.08319
0.83586,-0.07535
0.83838,-0.07706
0.84091,-0.08052
0.84343,-0.07871
0.84596,-0.07018
0.84848,-0.06560
0.85101,-0.06101
0.85354,-0.05642
0.85606,-0.05184
0.85859,-0.05688
0.86111,-0.04950
0.86364,-0.04950
0.86616,-0.04629
0.86869,-0.04109
0.87121,-0.03249
0.87374,-0.02385
0.87626,-0.03475
0.87879,-0.04433
0.88131,-0.04103
0.88384,-0.04731
0.88636,-0.05467
0.88889,-0.03373
0.89141,-0.04974
0.89394,-0.04077
0.89646,-0.04433
0.89899,-0.04692
0.90152,-0.04950
0.90404,-0.05739
0.90657,-0.03399
0.90909,-0.02624
0.91162,-0.01848
0.91414,-0.00297
0.91667,-0.06501
0.91919,-0.00761
0.92172,-0.00297
0.92424,-0.00750
0.92677,-0.01080
0.92929,-0.00814
0.93182,-0.00814
0.93434,-0.02085
0.93687,-0.01703
0.93939,-0.02882
0.94192,-0.02882
0.94444,-0.02882
0.94697,-0.03906
0.94949,-0.02082
0.95202,-0.01174
0.95455,-0.02882
0.95707,-0.02882
0.95960,-0.02882
0.96212,-0.02882
0.96465,-0.02644
0.96717,-0.02365
0.96970,-0.01848
0.97222,-0.01848
0.97475,-0.02031
0.97727,-0.02365
0.97980,-0.02107
0.98232,-0.01848
0.98485,-0.02365
0.98737,-0.02688
0.98990,-0.02700
0.99242,-0.02097
0.99495,-0.02365
0.99747,-0.02705
1.00000,-0.02365
